{"cameraMode":{"drawMode":0,"name":"Shaded","section":"Shading Mode"},"sceneLighting":true,"audioPlay":false,"sceneViewState":{"showFog":true,"showMaterialUpdate":false,"showSkybox":true,"showFlares":true,"showImageEffects":true,"showParticleSystems":true,"showVisualEffectGraphs":true,"m_FxEnabled":true},"in2DMode":false,"pivot":{"x":-2.7019238471984865,"y":6.472304344177246,"z":10.548600196838379},"rotation":{"x":-0.020213857293128969,"y":0.8674047589302063,"z":-0.035429682582616809,"w":-0.49583861231803896},"size":2.9835801124572756,"orthographic":false}