{"cameraMode":{"drawMode":0,"name":"Shaded","section":"Shading Mode"},"sceneLighting":true,"audioPlay":false,"sceneViewState":{"showFog":true,"showMaterialUpdate":false,"showSkybox":true,"showFlares":true,"showImageEffects":true,"showParticleSystems":true,"showVisualEffectGraphs":true,"m_FxEnabled":true},"in2DMode":false,"pivot":{"x":3.1071252822875978,"y":9.525707244873047,"z":11.417230606079102},"rotation":{"x":-0.027634918689727784,"y":0.9429068565368652,"z":-0.08111617714166641,"w":-0.32170867919921877},"size":7.596490383148193,"orthographic":false}