{"cameraMode":{"drawMode":0,"name":"Shaded","section":"Shading Mode"},"sceneLighting":true,"audioPlay":false,"sceneViewState":{"showFog":true,"showMaterialUpdate":false,"showSkybox":true,"showFlares":true,"showImageEffects":true,"showParticleSystems":true,"showVisualEffectGraphs":true,"m_FxEnabled":true},"in2DMode":false,"pivot":{"x":-2.7472214698791506,"y":8.95755386352539,"z":-12.577110290527344},"rotation":{"x":0.0055465614423155788,"y":-0.8390947580337524,"z":0.00855931919068098,"w":0.5438894629478455},"size":7.0746331214904789,"orthographic":false}