{"cameraMode":{"drawMode":0,"name":"Shaded","section":"Shading Mode"},"sceneLighting":true,"audioPlay":false,"sceneViewState":{"showFog":true,"showMaterialUpdate":false,"showSkybox":true,"showFlares":true,"showImageEffects":true,"showParticleSystems":true,"showVisualEffectGraphs":true,"m_FxEnabled":true},"in2DMode":false,"pivot":{"x":-6.083611965179443,"y":14.952224731445313,"z":14.99125862121582},"rotation":{"x":-0.017792413011193277,"y":0.9665104746818543,"z":-0.24607618153095246,"w":-0.07000844180583954},"size":2.9835801124572756,"orthographic":false}