{"cameraMode":{"drawMode":0,"name":"Shaded","section":"Shading Mode"},"sceneLighting":true,"audioPlay":false,"sceneViewState":{"showFog":true,"showMaterialUpdate":false,"showSkybox":true,"showFlares":true,"showImageEffects":true,"showParticleSystems":true,"showVisualEffectGraphs":true,"m_FxEnabled":true},"in2DMode":false,"pivot":{"x":-14.347677230834961,"y":1.1124988794326783,"z":5.628587245941162},"rotation":{"x":0.08005652576684952,"y":-0.28704389929771426,"z":0.024084405973553659,"w":0.954246997833252},"size":12.063943862915039,"orthographic":false}