{"cameraMode":{"drawMode":0,"name":"Shaded","section":"Shading Mode"},"sceneLighting":true,"audioPlay":false,"sceneViewState":{"showFog":true,"showMaterialUpdate":false,"showSkybox":true,"showFlares":true,"showImageEffects":true,"showParticleSystems":true,"showVisualEffectGraphs":true,"m_FxEnabled":true},"in2DMode":false,"pivot":{"x":-8.719059944152832,"y":4.848994731903076,"z":114.29573059082031},"rotation":{"x":0.007499929051846266,"y":-0.0030000335536897184,"z":0.00002245158248115331,"w":0.9999677538871765},"size":17.057111740112306,"orthographic":false}