{"cameraMode":{"drawMode":0,"name":"Shaded","section":"Shading Mode"},"sceneLighting":true,"audioPlay":false,"sceneViewState":{"showFog":true,"showMaterialUpdate":false,"showSkybox":true,"showFlares":true,"showImageEffects":true,"showParticleSystems":true,"showVisualEffectGraphs":true,"m_FxEnabled":true},"in2DMode":false,"pivot":{"x":-1.6126928329467774,"y":-3.413736343383789,"z":8.917593955993653},"rotation":{"x":0.1615123599767685,"y":0.027458932250738145,"z":-0.0049052173271775249,"w":0.9863981008529663},"size":14.497091293334961,"orthographic":false}